ユニット	文法HTML_作成	文法HTML_完成	クイズ_文法_作成	クイズ_文法_完成	クイズ_漢字_作成	クイズ_漢字_完成	備考
unit1	○	△	○	○	○	○	
unit2	○	△	○	○	○	○	
unit3	○	△	○	○	○	○	
unit4	○	△	○	○	○	○	
unit5	○	△	○	○	○	○	
unit6	○	△	○	○	○	○	
unit7	○	△	○	○	○	○	
unit8	○	△	○	○	○	○	
unit9	○	△	○	○	○	○	
unit10	○	△	○	○	○	○	
unit11	○	△	○	○	○	○	
unit12	○	△	○	○	○	○	
unit13	○	△	○	○	○	○	
unit14	○	△	○	○	○	○	
unit15	○	△	○	○	○	○	
unit16	○	△	○	○	○	○	
unit17	○	△	○	○	○	○	
unit18	○	△	○	○	○	○	
unit19	○	△	○	○	○	○	
unit20	○	△	○	○	○	○	
unit21	○	○	○	○	○	○	
unit22	○	○	○	○	○	○	
unit23	○	△	○	○	○	○	
unit24	○	△	○	○	○	○	
unit25	○	△	○	○	○	○	
unit26	×	×	×	×	×	×	
unit27	×	×	×	×	×	×	
unit28	×	×	×	×	×	×	
unit29	×	×	×	×	×	×	
unit30	×	×	×	×	×	×	
unit31	×	×	△	○	△	○	復習Aデプロイ済 / 4パートデプロイのみ
unit32	○	△	○	○	○	○	
unit33	×	×	○	○	○	○	
unit34	×	×	○	○	○	○	
unit35	×	×	○	○	○	○	
unit36	×	×	○	○	○	○	
unit37	×	×	○	○	○	○	
unit38	×	×	○	○	○	○	
unit39	×	×	○	○	○	○	
unit40	×	×	○	○	○	○	
unit41	×	×	○	○	○	○	
unit42	×	×	○	○	○	○	
unit43	×	×	○	○	○	○	
unit44	×	×	○	○	○	○	
unit45	×	×	○	○	○	○	
unit46	×	×	○	○	○	○	
unit47	×	×	○	○	○	○	
unit48	×	×	○	○	○	○	
unit49	×	×	○	○	○	○	
unit50	×	×	○	○	○	○	
unit31-35	○	○	○	○	-	-	総復習テスト
unit36-40	○	○	○	○	-	-	総復習テスト
