カテゴリ	ユニット	種別	作成状況	完成状況	ソース数	デプロイ数	備考
文法HTML	unit1	文法	作成済	確認待ち	9	0	9ファイル
クイズHTML	unit1	文法・文型・語彙	作成済	完成	2	2	2パート
クイズHTML	unit1	漢字	作成済	完成	1	1	
文法HTML	unit2	文法	作成済	確認待ち	9	0	9ファイル
クイズHTML	unit2	文法・文型・語彙	作成済	完成	2	2	2パート
クイズHTML	unit2	漢字	作成済	完成	1	1	
文法HTML	unit3	文法	作成済	確認待ち	8	0	8ファイル
クイズHTML	unit3	文法・文型・語彙	作成済	完成	1	1	1パート
クイズHTML	unit3	漢字	作成済	完成	1	1	
文法HTML	unit4	文法	作成済	確認待ち	9	0	9ファイル
クイズHTML	unit4	文法・文型・語彙	作成済	完成	2	2	2パート
クイズHTML	unit4	漢字	作成済	完成	1	1	
文法HTML	unit5	文法	作成済	確認待ち	9	0	9ファイル
クイズHTML	unit5	文法・文型・語彙	作成済	完成	2	2	2パート
クイズHTML	unit5	漢字	作成済	完成	1	1	
文法HTML	unit6	文法	作成済	確認待ち	9	0	9ファイル
クイズHTML	unit6	文法・文型・語彙	作成済	完成	2	2	2パート
クイズHTML	unit6	漢字	作成済	完成	1	1	
文法HTML	unit7	文法	作成済	確認待ち	8	0	8ファイル
クイズHTML	unit7	文法・文型・語彙	作成済	完成	2	2	2パート
クイズHTML	unit7	漢字	作成済	完成	1	1	
文法HTML	unit8	文法	作成済	確認待ち	9	0	9ファイル
クイズHTML	unit8	文法・文型・語彙	作成済	完成	2	2	2パート
クイズHTML	unit8	漢字	作成済	完成	1	1	
文法HTML	unit9	文法	作成済	確認待ち	9	0	9ファイル
クイズHTML	unit9	文法・文型・語彙	作成済	完成	2	2	2パート
クイズHTML	unit9	漢字	作成済	完成	1	1	
文法HTML	unit10	文法	作成済	確認待ち	9	0	9ファイル
クイズHTML	unit10	文法・文型・語彙	作成済	完成	2	2	2パート
クイズHTML	unit10	漢字	作成済	完成	1	1	
文法HTML	unit11	文法	作成済	確認待ち	9	0	9ファイル
クイズHTML	unit11	文法・文型・語彙	作成済	完成	2	2	2パート
クイズHTML	unit11	漢字	作成済	完成	1	1	
文法HTML	unit12	文法	作成済	確認待ち	8	0	8ファイル
クイズHTML	unit12	文法・文型・語彙	作成済	完成	2	2	2パート
クイズHTML	unit12	漢字	作成済	完成	1	1	
文法HTML	unit13	文法	作成済	確認待ち	8	0	8ファイル
クイズHTML	unit13	文法・文型・語彙	作成済	完成	2	2	2パート
クイズHTML	unit13	漢字	作成済	完成	1	1	
文法HTML	unit14	文法	作成済	確認待ち	9	0	9ファイル
クイズHTML	unit14	文法・文型・語彙	作成済	完成	2	2	2パート
クイズHTML	unit14	漢字	作成済	完成	1	1	
文法HTML	unit15	文法	作成済	確認待ち	8	0	8ファイル
クイズHTML	unit15	文法・文型・語彙	作成済	完成	2	2	2パート
クイズHTML	unit15	漢字	作成済	完成	1	1	
文法HTML	unit16	文法	作成済	確認待ち	10	0	10ファイル
クイズHTML	unit16	文法・文型・語彙	作成済	完成	2	2	2パート
クイズHTML	unit16	漢字	作成済	完成	1	1	
文法HTML	unit17	文法	作成済	確認待ち	9	0	9ファイル
クイズHTML	unit17	文法・文型・語彙	作成済	完成	2	2	2パート
クイズHTML	unit17	漢字	作成済	完成	1	1	
文法HTML	unit18	文法	作成済	確認待ち	9	0	9ファイル
クイズHTML	unit18	文法・文型・語彙	作成済	完成	2	2	2パート
クイズHTML	unit18	漢字	作成済	完成	1	1	
文法HTML	unit19	文法	作成済	確認待ち	8	0	8ファイル
クイズHTML	unit19	文法・文型・語彙	作成済	完成	2	2	2パート
クイズHTML	unit19	漢字	作成済	完成	1	1	
文法HTML	unit20	文法	作成済	確認待ち	9	0	9ファイル
クイズHTML	unit20	文法・文型・語彙	作成済	完成	2	2	2パート
クイズHTML	unit20	漢字	作成済	完成	1	1	
文法HTML	unit21	文法	作成済	完成	10	10	
クイズHTML	unit21	文法・文型・語彙	作成済	完成	2	2	2パート
クイズHTML	unit21	漢字	作成済	完成	1	1	
文法HTML	unit22	文法	作成済	完成	8	8	
クイズHTML	unit22	文法・文型・語彙	作成済	完成	2	2	2パート
クイズHTML	unit22	漢字	作成済	完成	1	1	
文法HTML	unit23	文法	作成済	確認待ち	8	0	8ファイル
クイズHTML	unit23	文法・文型・語彙	作成済	完成	2	2	2パート
クイズHTML	unit23	漢字	作成済	完成	1	1	
文法HTML	unit24	文法	作成済	確認待ち	9	0	9ファイル
クイズHTML	unit24	文法・文型・語彙	作成済	完成	2	2	2パート
クイズHTML	unit24	漢字	作成済	完成	1	1	
文法HTML	unit25	文法	作成済	確認待ち	8	0	8ファイル
クイズHTML	unit25	文法・文型・語彙	作成済	完成	2	2	2パート
クイズHTML	unit25	漢字	作成済	完成	1	1	
文法HTML	unit26	文法	未作成	未着手	0	0	
クイズHTML	unit26	文法・文型・語彙	未作成	未着手	0	0	
クイズHTML	unit26	漢字	未作成	未着手	0	0	
文法HTML	unit27	文法	未作成	未着手	0	0	
クイズHTML	unit27	文法・文型・語彙	未作成	未着手	0	0	
クイズHTML	unit27	漢字	未作成	未着手	0	0	
文法HTML	unit28	文法	未作成	未着手	0	0	
クイズHTML	unit28	文法・文型・語彙	未作成	未着手	0	0	
クイズHTML	unit28	漢字	未作成	未着手	0	0	
文法HTML	unit29	文法	未作成	未着手	0	0	
クイズHTML	unit29	文法・文型・語彙	未作成	未着手	0	0	
クイズHTML	unit29	漢字	未作成	未着手	0	0	
文法HTML	unit30	文法	未作成	未着手	0	0	
クイズHTML	unit30	文法・文型・語彙	未作成	未着手	0	0	
クイズHTML	unit30	漢字	未作成	未着手	0	0	
文法HTML	unit31	文法	未作成	未着手	0	0	
クイズHTML	unit31	文法・文型・語彙	問題MDのみ	完成	0	4	デプロイのみ
クイズHTML	unit31	漢字	問題MDのみ	完成	0	1	デプロイのみ
クイズHTML	unit31	復習	未作成	完成	0	1	デプロイのみ
文法HTML	unit32	文法	作成済	確認待ち	6	0	6ファイル
クイズHTML	unit32	文法・文型・語彙	作成済	完成	2	2	2パート
クイズHTML	unit32	漢字	作成済	完成	1	1	
文法HTML	unit33	文法	未作成	未着手	0	0	
クイズHTML	unit33	文法・文型・語彙	作成済	完成	2	2	2パート
クイズHTML	unit33	漢字	作成済	完成	1	1	
文法HTML	unit34	文法	未作成	未着手	0	0	
クイズHTML	unit34	文法・文型・語彙	作成済	完成	2	2	2パート
クイズHTML	unit34	漢字	作成済	完成	1	1	
文法HTML	unit35	文法	未作成	未着手	0	0	
クイズHTML	unit35	文法・文型・語彙	作成済	完成	2	2	2パート
クイズHTML	unit35	漢字	作成済	完成	1	1	
文法HTML	unit36	文法	未作成	未着手	0	0	
クイズHTML	unit36	文法・文型・語彙	作成済	完成	2	2	2パート
クイズHTML	unit36	漢字	作成済	完成	1	1	
文法HTML	unit37	文法	未作成	未着手	0	0	
クイズHTML	unit37	文法・文型・語彙	作成済	完成	2	2	2パート
クイズHTML	unit37	漢字	作成済	完成	1	1	
文法HTML	unit38	文法	未作成	未着手	0	0	
クイズHTML	unit38	文法・文型・語彙	作成済	完成	2	2	2パート
クイズHTML	unit38	漢字	作成済	完成	1	1	
文法HTML	unit39	文法	未作成	未着手	0	0	
クイズHTML	unit39	文法・文型・語彙	作成済	完成	2	2	2パート
クイズHTML	unit39	漢字	作成済	完成	1	1	
文法HTML	unit40	文法	未作成	未着手	0	0	
クイズHTML	unit40	文法・文型・語彙	作成済	完成	2	2	2パート
クイズHTML	unit40	漢字	作成済	完成	1	1	
文法HTML	unit41	文法	未作成	未着手	0	0	
クイズHTML	unit41	文法・文型・語彙	作成済	完成	2	2	2パート
クイズHTML	unit41	漢字	作成済	完成	1	1	
文法HTML	unit42	文法	未作成	未着手	0	0	
クイズHTML	unit42	文法・文型・語彙	作成済	完成	2	2	2パート
クイズHTML	unit42	漢字	作成済	完成	1	1	
文法HTML	unit43	文法	未作成	未着手	0	0	
クイズHTML	unit43	文法・文型・語彙	作成済	完成	2	2	2パート
クイズHTML	unit43	漢字	作成済	完成	1	1	
文法HTML	unit44	文法	未作成	未着手	0	0	
クイズHTML	unit44	文法・文型・語彙	作成済	完成	2	2	2パート
クイズHTML	unit44	漢字	作成済	完成	1	1	
文法HTML	unit45	文法	未作成	未着手	0	0	
クイズHTML	unit45	文法・文型・語彙	作成済	完成	2	2	2パート
クイズHTML	unit45	漢字	作成済	完成	1	1	
文法HTML	unit46	文法	未作成	未着手	0	0	
クイズHTML	unit46	文法・文型・語彙	作成済	完成	2	2	2パート
クイズHTML	unit46	漢字	作成済	完成	1	1	
文法HTML	unit47	文法	未作成	未着手	0	0	
クイズHTML	unit47	文法・文型・語彙	作成済	完成	2	2	2パート
クイズHTML	unit47	漢字	作成済	完成	1	1	
文法HTML	unit48	文法	未作成	未着手	0	0	
クイズHTML	unit48	文法・文型・語彙	作成済	完成	2	2	2パート
クイズHTML	unit48	漢字	作成済	完成	1	1	
文法HTML	unit49	文法	未作成	未着手	0	0	
クイズHTML	unit49	文法・文型・語彙	作成済	完成	2	2	2パート
クイズHTML	unit49	漢字	作成済	完成	1	1	
文法HTML	unit50	文法	未作成	未着手	0	0	
クイズHTML	unit50	文法・文型・語彙	作成済	完成	2	2	2パート
クイズHTML	unit50	漢字	作成済	完成	1	1	
文法HTML	unit31-35	総復習テスト	作成済	完成	2	2	
クイズHTML	unit31-35	総復習テスト	作成済	完成	2	2	
文法HTML	unit36-40	総復習テスト	作成済	完成	2	2	
クイズHTML	unit36-40	総復習テスト	作成済	完成	2	2	
